"","fecha","tc_promedio_mes","i_productividad_us","i_ipc_us","i_empleo_arg","i_manuf_arg","i_productividad_arg","i_caba","ipc_arg_b","ipc_us_b","ipt_arg_b","ipt_us_b","tcp_arbitrario","sobrevaluacion","tcp_definitivo"
"1",2002-03-01,2.39885555555556,0.726374322233071,0.732217573221757,NA,NA,NA,NA,NA,5.44822515464007,NA,3.36361331194501,NA,NA,NA
"2",2002-04-01,2.85510625,0.733257848947147,0.735499220608746,NA,NA,NA,NA,NA,5.47264297045919,NA,3.39548878080439,NA,NA,NA
"3",2002-05-01,3.3287,0.737517913846176,0.736319632455493,NA,NA,NA,NA,NA,5.47874742441396,NA,3.41521581487695,NA,NA,NA
"4",2002-06-01,3.6213,0.741777978745205,0.736729838378866,NA,NA,NA,NA,NA,5.48179965139135,NA,3.43494284894951,NA,NA,NA
"5",2002-07-01,3.60713636363636,0.746038043644233,0.73837066207236,NA,NA,NA,NA,NA,5.49400855930091,NA,3.45466988302206,NA,NA,NA
"6",2002-08-01,3.62070952380952,0.749026119945946,0.740421691689228,NA,NA,NA,NA,NA,5.50926969418786,NA,3.46850673396505,NA,NA,NA
"7",2002-09-01,3.64307619047619,0.752014196247659,0.741652309459349,NA,NA,NA,NA,NA,5.51842637512003,NA,3.48234358490803,NA,NA,NA
"8",2002-10-01,3.65188181818182,0.755002272549373,0.743293133152843,NA,NA,NA,NA,NA,5.53063528302958,NA,3.49618043585101,NA,NA,NA
"9",2002-11-01,3.52555,0.7596417385454,0.744523750922963,NA,NA,NA,NA,NA,5.53979196396175,NA,3.51766435826801,NA,NA,NA
"10",2002-12-01,3.49017142857143,0.764281204541428,0.745754368693084,NA,NA,NA,NA,NA,5.54894864489392,NA,3.53914828068501,NA,NA,NA
"11",2003-01-01,3.25818636363636,0.768920670537456,0.749036016080072,NA,NA,NA,NA,NA,5.57336646071304,NA,3.56063220310201,NA,NA,NA
"12",2003-02-01,3.163165,0.772120926616635,0.753138075313807,NA,NA,NA,NA,NA,5.60388873048693,NA,3.5754515925271,NA,NA,NA
"13",2003-03-01,3.074725,0.775321182695814,0.754368693083928,NA,NA,NA,NA,NA,5.6130454114191,NA,3.5902709819522,NA,NA,NA
"14",2003-04-01,2.894605,0.778521438774993,0.751497251620313,NA,NA,NA,NA,NA,5.59167982257737,NA,3.60509037137729,NA,NA,NA
"15",2003-05-01,2.83567142857143,0.784257237840874,0.750266633850193,NA,NA,NA,NA,NA,5.5825231416452,NA,3.6316510708708,NA,NA,NA
"16",2003-06-01,2.80885,0.789993036906754,0.75108704569694,NA,NA,NA,NA,NA,5.58862759559998,NA,3.65821177036432,NA,NA,NA
"17",2003-07-01,2.80128636363636,0.795728835972635,0.753548281237181,NA,NA,NA,NA,NA,5.60694095746432,NA,3.68477246985783,NA,NA,NA
"18",2003-08-01,2.92849,0.80003804096267,0.756829928624169,NA,NA,NA,NA,NA,5.63135877328343,NA,3.70472705639088,NA,NA,NA
"19",2003-09-01,2.92094545454545,0.804347245952705,0.759291164164411,NA,NA,NA,NA,NA,5.64967213514777,NA,3.72468164292392,NA,NA,NA
"20",2003-10-01,2.85905,0.80865645094274,0.758470752317663,NA,NA,NA,NA,NA,5.64356768119299,NA,3.74463622945697,NA,NA,NA
"21",2003-11-01,2.88392105263158,0.81132376078272,0.758880958241037,NA,NA,NA,NA,NA,5.64661990817038,NA,3.75698771079411,NA,NA,NA
"22",2003-12-01,2.96062380952381,0.8139910706227,0.760931987857905,NA,NA,NA,NA,NA,5.66188104305733,NA,3.76933919213124,NA,NA,NA
"23",2004-01-01,2.89284285714286,0.81665838046268,0.764213635244893,0.687800837224317,0.802392431117963,1.16660577843448,NA,NA,5.68629885887644,5.98722880062723,3.78169067346838,NA,NA,NA
"24",2004-02-01,2.93192,0.818281602128817,0.765854458938387,0.693720643020199,0.80106747982521,1.15474072724384,NA,NA,5.698507766786,5.92633524298957,3.78920730757471,NA,NA,NA
"25",2004-03-01,2.8975652173913,0.819904823794954,0.767495282631881,0.699640448816081,0.794552693289963,1.13565860097782,NA,NA,5.71071667469556,5.82840236963243,3.79672394168103,NA,NA,NA
"26",2004-04-01,2.83591578947368,0.821528045461091,0.768725900402002,0.705560254611963,0.851141758106306,1.20633461499955,NA,NA,5.71987335562773,6.1911242714837,3.80424057578736,NA,NA,NA
"27",2004-05-01,2.919675,0.823815058957804,0.77200754778899,0.712060137594534,0.861151605560367,1.20938044428311,NA,NA,5.74429117144684,6.20675601028135,3.81483102317335,NA,NA,NA
"28",2004-06-01,2.96025714285714,0.826102072454517,0.774878989252605,0.718560020577105,0.877149645424252,1.22070477107782,NA,NA,5.76565676028857,6.26487447393583,3.82542147055933,NA,NA,NA
"29",2004-07-01,2.95521428571429,0.82838908595123,0.775699401099352,0.725059903559676,0.869971324651179,1.19986130853473,NA,NA,5.77176121424335,6.15790210884925,3.83601191794532,NA,NA,NA
"30",2004-08-01,3.01358095238095,0.832540521394555,0.776109607022725,0.73193233786947,0.878322347012873,1.20000483865697,NA,NA,5.77481344122074,6.15863873102061,3.85523592283294,NA,NA,NA
"31",2004-09-01,2.99601363636364,0.83669195683788,0.778570842562967,0.738804772179265,0.882967123273822,1.19512915525616,NA,NA,5.79312680308507,6.13361585472449,3.87445992772055,NA,NA,NA
"32",2004-10-01,2.96918,0.840843392281205,0.782672901796702,0.74567720648906,0.887230621452845,1.18983202615281,NA,NA,5.82364907285897,6.10643004396093,3.89368393260817,NA,NA,NA
"33",2004-11-01,2.95463636363636,0.846937662576848,0.786364755107064,0.751469819712895,0.885390029884374,1.17821102944978,NA,NA,5.85111911565547,6.04678901745606,3.92190460074798,NA,NA,NA
"34",2004-12-01,2.97091818181818,0.853031932872492,0.786364755107064,0.75726243293673,0.890428239433866,1.17585159477766,NA,NA,5.85111911565547,6.0346799781531,3.95012526888779,NA,NA,NA
"35",2005-01-01,2.94602857142857,0.859126203168135,0.78595454918369,0.763055046160564,0.851478770202025,1.11588118640507,NA,NA,5.84806688867808,5.72690115275108,3.9783459370276,NA,NA,NA
"36",2005-02-01,2.915345,0.86115855811492,0.789236196570678,0.768993768216238,0.856034974653262,1.11318844187636,NA,NA,5.8724847044972,5.71308150785212,3.987757139963,NA,NA,NA
"37",2005-03-01,2.92655238095238,0.863190913061704,0.792107638034293,0.774932490271912,0.864128080805237,1.11510111093939,NA,NA,5.89385029333892,5.72289766641395,3.9971683428984,NA,NA,NA
"38",2005-04-01,2.90041428571429,0.865223268008488,0.794568873574534,0.780871212327586,0.923606845439672,1.18279023590411,NA,NA,5.91216365520326,6.07029032121622,4.0065795458338,NA,NA,NA
"39",2005-05-01,2.89094761904762,0.865434633329217,0.794158667651161,0.785879404569562,0.930153897990436,1.18358350222945,NA,NA,5.90911142822587,6.07436150539638,4.00755831282036,NA,NA,NA
"40",2005-06-01,2.88359047619048,0.865645998649946,0.794568873574534,0.790887596811537,0.927508743257242,1.17274407513342,NA,NA,5.91216365520326,6.01873163342823,4.00853707980693,NA,NA,NA
"41",2005-07-01,2.86956666666667,0.865857363970675,0.799491344655017,0.795895789053512,0.929550127878307,1.16792944586846,NA,NA,5.94879037893193,5.9940220978401,4.00951584679349,NA,NA,NA
"42",2005-08-01,2.88801818181818,0.871096878162859,0.804413815735499,0.802496813049696,0.930765846128444,1.15983743610307,NA,NA,5.9854171026606,5.95249246133572,4.03377840556728,NA,NA,NA
"43",2005-09-01,2.91171363636364,0.876336392355044,0.815489375666585,0.809097837045881,0.928688993220585,1.14780802852143,NA,NA,6.06782723105012,5.89075539740318,4.05804096434108,NA,NA,NA
"44",2005-10-01,2.966045,0.881575906547229,0.816719993436705,0.815698861042065,0.959284767545221,1.17602808261829,NA,NA,6.07698391198229,6.03558574520988,4.08230352311488,NA,NA,NA
"45",2005-11-01,2.96721818181818,0.884083324251694,0.81261793420297,0.821158487324998,0.970692490500561,1.18210126971066,NA,NA,6.04646164220839,6.06675442390425,4.09391459375876,NA,NA,NA
"46",2005-12-01,3.01445238095238,0.88659074195616,0.81261793420297,0.82661811360793,0.991473300921997,1.19943331098145,NA,NA,6.04646164220839,6.15570554911588,4.10552566440263,NA,NA,NA
"47",2006-01-01,3.04603636363636,0.889098159660625,0.817540405283452,0.832077739890862,0.926734326466233,1.11375930641744,NA,NA,6.08308836593706,5.71601128643267,4.11713673504651,NA,NA,NA
"48",2006-02-01,3.068905,0.889357493632332,0.817950611206826,0.837334882188065,0.938543540988588,1.12086998995677,NA,NA,6.08614059291445,5.75250458182504,4.11833762991954,NA,NA,NA
"49",2006-03-01,3.07632727272727,0.889616827604039,0.819181228976946,0.842592024485267,0.937888907222386,1.11309967335062,NA,NA,6.09529727384662,5.71262593195517,4.11953852479258,NA,NA,NA
"50",2006-04-01,3.06626666666667,0.889876161575745,0.823283288210682,0.84784916678247,1.00169840686207,1.18145826652569,NA,NA,6.12581954362052,6.06345441694466,4.12073941966561,NA,NA,NA
"51",2006-05-01,3.05348095238095,0.891885415273152,0.825744523750923,0.852299839254139,0.996029891470198,1.16863789666069,NA,NA,6.14413290548485,5.99765799358609,4.13004364790828,NA,NA,NA
"52",2006-06-01,3.08126666666667,0.893894668970559,0.827795553367791,0.856750511725808,1.0033560834543,1.17111816068038,NA,NA,6.1593940403718,6.01038715063841,4.13934787615095,NA,NA,NA
"53",2006-07-01,3.0819619047619,0.895903922667966,0.8323078185249,0.861201184197477,1.02389103306616,1.18891038685727,NA,NA,6.19296853712308,6.10170002681544,4.14865210439363,NA,NA,NA
"54",2006-08-01,3.07897272727273,0.899579955943581,0.835999671835261,0.866199360686303,1.03229094806257,1.19174752939632,NA,NA,6.22043857991959,6.11626074804215,4.16567466987061,NA,NA,NA
"55",2006-09-01,3.10007142857143,0.903255989219196,0.831897612601526,0.871197537175129,1.03974560728221,1.19346711040254,NA,NA,6.18991631014569,6.12508594427876,4.18269723534759,NA,NA,NA
"56",2006-10-01,3.09847619047619,0.90693202249481,0.828205759291164,0.876195713663955,1.04500568390438,1.19266240134241,NA,NA,6.16244626734919,6.120956033944,4.19971980082457,NA,NA,NA
"57",2006-11-01,3.0757380952381,0.912033660004303,0.828615965214538,0.881455655767588,1.04821195203823,1.18918285358942,NA,NA,6.16549849432658,6.10309837465159,4.22334389561208,NA,NA,NA
"58",2006-12-01,3.06026842105263,0.917135297513796,0.833128230371647,0.886715597871221,1.07711478950949,1.21472408074852,NA,NA,6.19907299107786,6.2341805051169,4.24696799039959,NA,NA,NA
"59",2007-01-01,3.08504090909091,0.922236935023289,0.834510624333415,0.891975539974854,0.984888304082231,1.10416514797031,NA,NA,6.20935899599166,5.66677235513791,4.2705920851871,NA,NA,NA
"60",2007-02-01,3.102625,0.92830105925373,0.837747149068833,0.896715659203529,1.00528970819355,1.12107968437448,NA,NA,6.23344106684327,5.75358077095446,4.29867315628567,NA,NA,NA
"61",2007-03-01,3.10104090909091,0.934365183484171,0.842103535975059,0.901455778432205,1.02151218959601,1.13318058859482,NA,NA,6.26585571734314,5.81568476838097,4.32675422738424,NA,NA,NA
"62",2007-04-01,3.08905555555556,0.940429307714612,0.84463040446304,0.906195897660881,1.07132913461783,1.18222686439345,NA,NA,6.28465743552386,6.06739899820339,4.3548352984828,NA,NA,NA
"63",2007-05-01,3.08001428571429,0.94264395124963,0.848121256870949,0.911487968157019,1.08625392640173,1.19173698869342,NA,NA,6.31063188710144,6.11620665127599,4.36509062311033,NA,NA,NA
"64",2007-06-01,3.079265,0.944858594784648,0.850086143243909,0.916780038653157,1.09395221885547,1.19325484056415,NA,NA,6.32525205432314,6.1239965376314,4.37534594773785,NA,NA,NA
"65",2007-07-01,3.11162857142857,0.947073238319666,0.851599803101157,0.922072109149295,1.08773047089801,1.1796587925228,NA,NA,6.33651477186971,6.05421919560835,4.38560127236538,NA,NA,NA
"66",2007-08-01,3.15235909090909,0.951384988982248,0.851862334892116,0.927421367667877,1.10458967363901,1.1910332370459,NA,NA,6.33846819713524,6.11259487237831,4.40556764711533,NA,NA,NA
"67",2007-09-01,3.147455,0.95569673964483,0.855472147017803,0.932770626186459,1.1082794096957,1.18815856608478,NA,NA,6.36532779453626,6.09784154860009,4.42553402186528,NA,NA,NA
"68",2007-10-01,3.16044545454545,0.960008490307411,0.858109771105095,0.938119884705041,1.15453904281077,1.23069456434534,NA,NA,6.38495361400088,6.31614387365011,4.44550039661523,NA,NA,NA
"69",2007-11-01,3.13591428571429,0.958894526018966,0.864853556485356,0.943832310049028,1.16490959924005,1.23423365235244,NA,NA,6.43513222550916,6.33430710413961,4.44034197485532,NA,NA,NA
"70",2007-12-01,3.13965,0.95778056173052,0.867359914677168,0.949544735393016,1.18235845660391,1.24518457375737,NA,NA,6.45378133234101,6.39050918477476,4.43518355309541,NA,NA,NA
"71",2008-01-01,3.14441818181818,0.956666597442074,0.870350315858561,0.955257160737003,1.05325846217531,1.102591538139,NA,NA,6.47603206700618,5.65869630899009,4.4300251313355,NA,NA,NA
"72",2008-02-01,3.15831428571429,0.952846247847677,0.872454672245467,0.960382062201306,1.04468591851309,1.08778158154948,NA,NA,6.49168999140018,5.58268897192048,4.41233428192264,NA,NA,NA
"73",2008-03-01,3.15583888888889,0.949025898253281,0.87557633932234,0.965506963665608,1.04232484643562,1.07956222550521,NA,NA,6.51491743869812,5.5405057716136,4.39464343250977,NA,NA,NA
"74",2008-04-01,3.16654285714286,0.945205548658884,0.877602756583805,0.97063186512991,1.14581895883198,1.18048768023768,NA,NA,6.52999543996642,6.05847319510909,4.37695258309691,NA,NA,NA
"75",2008-05-01,3.1511,0.937513521418387,0.882795963573714,0.972336503717359,1.13643327036173,1.16876540787784,NA,NA,6.56863663350017,5.99831240388119,4.34133320004598,NA,NA,NA
"76",2008-06-01,3.04335,0.929821494177891,0.892046107145787,0.974041142304808,1.11816628351009,1.14796617406145,NA,NA,6.6374643518403,5.89156702850375,4.30571381699505,NA,NA,NA
"77",2008-07-01,3.02234545454545,0.922129466937394,0.898416605135778,0.975745780892256,1.16996923095056,1.19905128350204,NA,NA,6.68486543679916,6.15374491599573,4.27009443394413,NA,NA,NA
"78",2008-08-01,3.033275,0.909715258588715,0.89707933382558,0.973305984296731,1.17146940604755,1.20359827736393,NA,NA,6.67491517685287,6.17708089898969,4.21260810054717,NA,NA,NA
"79",2008-09-01,3.08236363636364,0.897301050240035,0.897846418902289,0.970866187701205,1.17178022072314,1.20694307368728,NA,NA,6.68062284130059,6.19424698992595,4.15512176715022,NA,NA,NA
"80",2008-10-01,3.23852272727273,0.884886841891356,0.890126343424399,0.96842639110568,1.08509283047602,1.12047011568648,NA,NA,6.62317992958612,5.75045235579294,4.09763543375327,NA,NA,NA
"81",2008-11-01,3.32917368421053,0.877528489895296,0.874366231848388,0.963749759350128,1.06245634877566,1.10241931421295,NA,NA,6.50591336911482,5.65781242510292,4.06356119686142,NA,NA,NA
"82",2008-12-01,3.42263333333333,0.870170137899236,0.867167117893182,0.959073127594575,1.03309548717745,1.07718114234785,NA,NA,6.45234678566163,5.52828562842559,4.02948695996957,NA,NA,NA
"83",2009-01-01,3.46401428571429,0.862811785903176,0.869361719583231,0.954396495839023,0.925691340922736,0.969923239406855,NA,NA,6.46867619999067,4.97781895197472,3.99541272307772,NA,NA,NA
"84",2009-02-01,3.511515,0.86771244489218,0.872528509311674,0.950121958307453,0.940641535716298,0.990021888760425,NA,NA,6.49223939225611,5.08096880301084,4.0181061489164,NA,NA,NA
"85",2009-03-01,3.65397142857143,0.872613103881185,0.87166707687259,0.945847420775883,0.920717915397,0.973431755664915,NA,NA,6.4858297156036,4.99582528279876,4.04079957475508,NA,NA,NA
"86",2009-04-01,3.69337368421053,0.877513762870189,0.872544917548609,0.941572883244313,1.02360310967653,1.0871204214692,NA,NA,6.49236148133521,5.57929578053772,4.06349300059376,NA,NA,NA
"87",2009-05-01,3.72447368421053,0.8934481454129,0.873828862088769,0.942014140075963,1.01646918929733,1.07903814396603,NA,NA,6.50191495177444,5.53781609173781,4.13728016459141,NA,NA,NA
"88",2009-06-01,3.76813333333333,0.909382527955611,0.881081302814013,0.942455396907613,1.0243067745441,1.08684907307556,NA,NA,6.55587832473468,5.5779031722141,4.21106732858905,NA,NA,NA
"89",2009-07-01,3.80973333333333,0.925316910498322,0.880818771023054,0.942896653739263,1.07137668853787,1.1362609934918,NA,NA,6.55392489946915,5.83149395538974,4.28485449258669,NA,NA,NA
"90",2009-08-01,3.839175,0.934231075482773,0.883768151612109,0.944529999310415,1.0849412711981,1.14865729197611,NA,NA,6.57587041143658,5.89511396883254,4.32613321498755,NA,NA,NA
"91",2009-09-01,3.84236818181818,0.943145240467225,0.885474608253343,0.946163344881568,1.09850096476562,1.16100562414318,NA,NA,6.58856767566252,5.9584878105853,4.36741193738841,NA,NA,NA
"92",2009-10-01,3.82620952380952,0.952059405451676,0.888132742636804,0.947796690452721,1.11010563791461,1.17124869615693,NA,NA,6.60834610647601,6.01105708197186,4.40869065978928,NA,NA,NA
"93",2009-11-01,3.81095,0.960348921547564,0.891106735581262,0.950432534597039,1.11337292223025,1.1714381417954,NA,NA,6.63047475206208,6.01202935075688,4.44707682768683,NA,NA,NA
"94",2009-12-01,3.80701904761905,0.968638437643452,0.891570268274674,0.953068378741358,1.11029065607084,1.16496432033252,NA,NA,6.63392376854653,5.97880454506054,4.48546299558439,NA,NA,NA
"95",2010-01-01,3.80416,0.976927953739339,0.892148658626631,0.955704222885676,1.02014525019648,1.06742779383796,NA,NA,6.63822740858465,5.47822970535333,4.52384916348194,NA,NA,NA
"96",2010-02-01,3.851235,0.984973482561519,0.891299532365247,0.958731560541993,1.03283362223028,1.07729177252326,NA,NA,6.63190929874145,5.52885340220545,4.56110550228632,NA,NA,NA
"97",2010-03-01,3.86274090909091,0.993019011383697,0.891594880630076,0.961758898198309,1.04221804618672,1.08365833488948,NA,NA,6.63410690216517,5.56152773509894,4.5983618410907,NA,NA,NA
"98",2010-04-01,3.87607,1.00106454020588,0.891799983591763,0.964786235854626,1.14756853634237,1.18945367760748,NA,NA,6.63563301565387,6.10448829178627,4.63561817989509,NA,NA,NA
"99",2010-05-01,3.90197368421053,1.00283363983732,0.891336450898351,0.967313131434644,1.16745530039647,1.20690525379821,NA,NA,6.63218399916942,6.19405289151394,4.64381032943609,NA,NA,NA
"100",2010-06-01,3.92652380952381,1.00460273946876,0.890963163508081,0.969840027014663,1.17860705871713,1.2152592447077,NA,NA,6.62940647261999,6.23692706194757,4.6520024789771,NA,NA,NA
"101",2010-07-01,3.93482380952381,1.00637183910021,0.892628599556978,0.972366922594682,1.19717179824383,1.23119346249384,NA,NA,6.64179851414819,6.31870430787607,4.66019462851811,NA,NA,NA
"102",2010-08-01,3.93760952380952,1.00777075965222,0.893933054393305,0.974335826880501,1.20261794216878,1.23429510543522,NA,NA,6.65150459593629,6.33462249231436,4.66667259400654,NA,NA,NA
"103",2010-09-01,3.95189090909091,1.00916968020424,0.89537697924358,0.976304731166321,1.20179557373154,1.23096358684634,NA,NA,6.6622484348967,6.31752454507809,4.67315055949498,NA,NA,NA
"104",2010-10-01,3.95698421052632,1.01056860075625,0.898494544261219,0.978273635452141,1.21647392893676,1.24349045589328,NA,NA,6.68544535992486,6.38181466992234,4.67962852498341,NA,NA,NA
"105",2010-11-01,3.9676,1.01172115786628,0.900771187135942,0.983070228877612,1.2347083232631,1.25597163558985,NA,NA,6.70238521964937,6.44587030887637,4.68496565808326,NA,NA,NA
"106",2010-12-01,3.977625,1.01287371497631,0.904389203380097,0.987866822303083,1.2385739622179,1.25378637510098,NA,NA,6.72930586158995,6.43465516252814,4.6903027911831,NA,NA,NA
"107",2011-01-01,3.98130952380952,1.01402627208634,0.907322175732218,0.992663415728554,1.12711414751843,1.13544443127402,NA,NA,6.75112928447828,5.82730321253711,4.69563992428295,NA,NA,NA
"108",2011-02-01,4.02196,1.01154421114936,0.910238739847403,0.997237908853829,1.11742102748875,1.12051599479712,NA,NA,6.77283061828752,5.75068781556663,4.68414627293388,NA,NA,NA
"109",2011-03-01,4.03723157894737,1.00906215021239,0.914947903847732,1.0018124019791,1.12669399434553,1.12465566619031,NA,NA,6.80787018398795,5.77193334704661,4.67265262158482,NA,NA,NA
"110",2011-04-01,4.06547894736842,1.00658008927542,0.919242759865452,1.00638689510438,1.2624428063444,1.25443088784802,NA,NA,6.83982700044122,6.43796291682937,4.66115897023576,NA,NA,NA
"111",2011-05-01,4.08388571428571,1.00904308445031,0.922167528099106,1.00977121932986,1.28050022590364,1.26810925226554,NA,NA,6.86158937879,6.50816272116766,4.67256433397721,NA,NA,NA
"112",2011-06-01,4.096,1.0115060796252,0.922167528099106,1.01315554355533,1.28124202079578,1.26460544873464,NA,NA,6.86158937879,6.49018057689946,4.68396969771866,NA,NA,NA
"113",2011-07-01,4.12762380952381,1.01396907480009,0.924583640987776,1.01653986778081,1.28300182506658,1.26212642094154,NA,NA,6.87956699568683,6.47745776438236,4.6953750614601,NA,NA,NA
"114",2011-08-01,4.16796818181818,1.0163288697292,0.927500205102962,1.01887271964566,1.28518638721718,1.26138070284593,NA,NA,6.90126832949607,6.47363060619255,4.70630253699727,NA,NA,NA
"115",2011-09-01,4.20420909090909,1.01868866465832,0.929514316186726,1.02120557151051,1.3002496746779,1.2732496873814,NA,NA,6.91625476395505,6.534544350457,4.71723001253444,NA,NA,NA
"116",2011-10-01,4.222125,1.02104845958743,0.930141931249487,1.02353842337536,1.26003565724868,1.23105848151104,NA,NA,6.92092467123045,6.3180115614122,4.72815748807161,NA,NA,NA
"117",2011-11-01,4.26011428571429,1.0241362320399,0.931860694068422,1.02360086620532,1.26339693274592,1.23426715867248,NA,NA,6.93371350226572,6.33447906454648,4.74245600084591,NA,NA,NA
"118",2011-12-01,4.28878947368421,1.02722400449237,0.932082205267044,1.02366330903528,1.26781230875813,1.23850517798957,NA,NA,6.93536170483351,6.35622933510231,4.75675451362021,NA,NA,NA
"119",2012-01-01,4.32062380952381,1.03031177694483,0.934621379932726,1.02372575186524,1.12006505763568,1.09410655695132,NA,NA,6.95425498982355,5.61514987309995,4.77105302639451,NA,NA,NA
"120",2012-02-01,4.34629444444444,1.02891533123973,0.936619082779555,1.02347629944456,1.10686398194901,1.08147495213099,NA,NA,6.96911933520343,5.55032222559773,4.76458652115154,NA,NA,NA
"121",2012-03-01,4.35631363636364,1.02751888553463,0.938579867093281,1.02322684702388,1.10413523804598,1.07907180236468,NA,NA,6.98370898015535,5.53798883263921,4.75812001590857,NA,NA,NA
"122",2012-04-01,4.39777647058824,1.02612243982953,0.9401386496021,1.0229773946032,1.18898244774899,1.16227636507079,NA,NA,6.99530744266943,5.96500947953341,4.7516535106656,NA,NA,NA
"123",2012-05-01,4.45037619047619,1.02417162564699,0.93819427352531,1.02319710743963,1.18293352525282,1.15611500135384,NA,NA,6.98083988679661,5.93338826268437,4.74261989761968,NA,NA,NA
"124",2012-06-01,4.497755,1.02222081146444,0.937418984330134,1.02341682027607,1.18678395393345,1.15962912707778,NA,NA,6.97507117780934,5.95142338228714,4.73358628457377,NA,NA,NA
"125",2012-07-01,4.55280952380952,1.0202699972819,0.93768972023956,1.02363653311251,1.2280241880025,1.19966819108001,0.286017980175704,2007848228681.67,6.97708564761442,6.15691099564874,4.72455267152786,5.81140919410285,1.39575659275202,6.35461390840133
"126",2012-08-01,4.60982727272727,1.02148769140272,0.943137254901961,1.02543325064299,1.23585630587998,1.20520404922022,0.292626078938606,2054237128386.14,7.01761922187415,6.18532200638255,4.73019143384268,5.89120299001344,1.39742029758264,6.44186619925913
"127",2012-09-01,4.6698947368421,1.02270538552353,0.947637213881368,1.02722996817347,1.24471365731939,1.21171859844843,0.297005865327972,2084983259585.62,7.05110215181611,6.21875583423022,4.7358301961575,5.92604563546568,1.38760422357842,6.47996566050874
"128",2012-10-01,4.72985,1.02392307964435,0.950192796783986,1.02902668570396,1.25182017469629,1.21650895169926,0.301385651717337,2115729390785.1,7.07011752588525,6.24334078098664,4.74146895847232,5.98075711941135,1.38266353956852,6.53979114262816
"129",2012-11-01,4.79739,1.02590040881679,0.948597095742063,1.03095036179639,1.25152628126456,1.2139539667883,0.307635171477602,2159601063373.83,7.0582443629432,6.23022814300143,4.75062535418035,6.13974711388513,1.39943641611538,6.71364226830778
"130",2012-12-01,4.88002105263158,1.02787773798923,0.948482238083518,1.03287403788882,1.26734451550654,1.22700781413479,0.313705401736547,2202214122404.68,7.05738973938953,6.297222814412,4.75978174988838,6.20697834050129,1.39080501226052,6.78715773993684
"131",2013-01-01,4.94860952380952,1.02985506716167,0.950360981212569,1.03479771398125,1.09526248282065,1.05843148667846,0.320902594575212,2252738466656.46,7.07136893894598,5.43205905343273,4.76893814559641,7.36022844767732,1.62635676469963,8.04820457490464
"132",2013-02-01,5.01108235294118,1.02952080862715,0.955521371728608,1.03506582962255,1.10900696132057,1.07143616336459,0.324411546243885,2277371332003.4,7.10976595432154,5.49880137224972,4.76739029840257,7.30832799064877,1.59475584504133,7.99145287233641
"133",2013-03-01,5.08396315789474,1.02918655009263,0.952834522930511,1.03533394526385,1.11235104844636,1.07438865839842,0.329431652280819,2312612511623.86,7.08977386761964,5.51395410304108,4.76584245120872,7.41948619512919,1.59580252992228,8.11300126940007
"134",2013-04-01,5.155505,1.02885229155811,0.950845024202149,1.03560206090514,1.23821805194095,1.19565043242451,0.336039751043721,2359001411328.33,7.0749705667793,6.13629114206934,4.76429460401488,6.81275896453317,1.44497230838242,7.44956196072711
"135",2013-05-01,5.23985454545455,1.02908869348019,0.951238821888588,1.0357332668245,1.24722059697872,1.20419092147405,0.341059857080655,2394242590948.79,7.07790070467759,6.18012245420075,4.76538930770656,6.86422959086104,1.43245267407674,7.50584365540954
"136",2013-06-01,5.3292,1.02932509540228,0.95350315858561,1.03586447274385,1.25227700369863,1.20891973481969,0.347488666342238,2439372877095.39,7.09474899759278,6.20439156719431,4.76648401139825,6.95131398995072,1.42630564016222,7.60106801755248
"137",2013-07-01,5.44087727272727,1.02956149732436,0.95536959553696,1.03599567866321,1.26340522503608,1.21950819975071,0.356017724047845,2499246922062.79,7.1086366303399,6.25873345659803,4.76757871508994,7.04792178001706,1.41644546566203,7.70670594217814
"138",2013-08-01,5.58136666666667,1.02904235032201,0.957650340470916,1.03635165685007,1.27963933536545,1.23475398230639,0.363419819173732,2551209681809.28,7.12560701233419,6.3369775302113,4.76517470697107,7.08512892574631,1.38808133943578,7.74739091854891
"139",2013-09-01,5.73712380952381,1.02852320331965,0.958011321683485,1.03670763503694,1.28061411590746,1.23527026581783,0.371180493302256,2605689668671.51,7.12829297207429,6.33962718921879,4.7627706988522,7.22703092231943,1.37744226155403,7.90255679500595
"140",2013-10-01,5.84819545454545,1.02800405631729,0.958524079087702,1.03706361322381,1.26400861299225,1.21883421313275,0.379350972005225,2663046486523.17,7.13210825579603,6.25527443713762,4.76036669073333,7.47793471823489,1.39819422302001,8.17691309963736
"141",2013-11-01,6.01493684210526,1.02632313068197,0.960292066617442,1.03484337804413,1.25615480558598,1.21385982868261,0.388366672642983,2726336768290.51,7.14526335406857,6.22974500946302,4.75258284751324,7.66033027673371,1.39259276976976,8.37635755693756
"142",2013-12-01,6.31917894736842,1.02464220504665,0.962831241283124,1.03262314286445,1.24102168483506,1.20181471179556,0.397151858207617,2788008832626.31,7.16415663905861,6.16792732257496,4.74479900429315,7.87833517799049,1.36326885333737,8.61473983761258
"143",2014-01-01,7.09672727272727,1.02296127941132,0.96516531298712,1.03040290768477,1.0785642596721,1.04674031063785,0.416207770919243,2921781473634.56,7.18152381055996,5.37205785405799,4.73701516107305,9.44108763264787,1.45469392781375,10.3235660709866
"144",2014-02-01,7.85653,1.0255380262044,0.966227746328657,1.02890493019036,1.08112584648521,1.05075387896644,0.434418461696079,3049620650727.12,7.1894290784314,5.39265620213278,4.74894727313899,9.83043733278172,1.36820060655975,10.7493091114549
"145",2014-03-01,7.9313,1.02811477299747,0.968200836820084,1.02740695269595,1.06529623928667,1.03687855770423,0.450272776169864,3160918049630.5,7.20411029019264,5.32144558016024,4.76087938520492,10.3304025724716,1.42423148286203,11.2960071600236
"146",2014-04-01,8.00125263157895,1.03069151979055,0.970005742882927,1.02590897520153,1.17265059834282,1.14303571436488,0.464334195630459,3259629312955.13,7.21754008889315,5.86626303049404,4.77281149727085,9.66982398918416,1.32150344272873,10.5736828987739
"147",2014-05-01,8.042665,1.03084789509778,0.971851669538108,1.02516045211582,1.17686353433765,1.14797984248098,0.475911174858489,3340899788406.38,7.23127511029141,5.89163717726917,4.7735356226274,9.85098249760017,1.33932902542906,10.7717746763024
"148",2014-06-01,8.125515,1.03100427040502,0.973135614078267,1.0244119290301,1.17575454833973,1.14773609621368,0.487027123940271,3418933828994.53,7.24082858073064,5.89038622797797,4.77425974798395,10.0714386061829,1.35534021952318,11.0128372838389
"149",2014-07-01,8.16058636363636,1.03116064571226,0.974230863893675,1.02366340594439,1.17579959447435,1.14861934855394,0.497861332377123,3494990048277.45,7.24897802676027,5.89491923642658,4.77498387334051,10.2775599530614,1.37713452543556,11.2382252291623
"150",2014-08-01,8.31636,1.02972232747639,0.974074985642793,1.02328146855278,1.17147208661261,1.14481901863172,0.509182183746126,3574462504360.31,7.24781818050886,5.87541526586272,4.7683234694456,10.5331290794978,1.38494280462008,11.5176829426303
"151",2014-09-01,8.41927727272727,1.02828400924053,0.974144720649766,1.02289953116117,1.17181965653435,1.14558626809041,0.520631099044643,3654833970127.37,7.24833705909501,5.87935292684579,4.76166306555069,10.7469495946917,1.39578366802217,11.751489713823
"152",2014-10-01,8.48031363636364,1.02684569100467,0.973951923865781,1.02251759376956,1.18820801743058,1.16204163592941,0.53067131111851,3725316329368.27,7.24690251241564,5.96380480773978,4.75500266165578,10.7861111051308,1.39078720897001,11.7943117335085
"153",2014-11-01,8.51402222222222,1.02293997680034,0.972118303388301,1.02356177593857,1.1906429137527,1.16323503059785,0.54035294418974,3793281461493.43,7.23325905782671,5.96992952189899,4.73691651531466,10.9505109686754,1.40639501373569,11.9740784001682
"154",2014-12-01,8.5495052631579,1.019034262596,0.96911969808844,1.02460595810758,1.19153512885663,1.16292035921532,0.548216069461875,3848480656103.02,7.21094727862199,5.96831457227414,4.71883036897353,11.1046904519102,1.42027743035265,12.1426693659444
"155",2015-01-01,8.60238095238095,1.01512854839167,0.96282713922389,1.0256501402766,1.05175200004287,1.02544908711194,0.558947826755116,3923817667638.58,7.16412611678884,5.2627874997949,4.70074422263241,12.8742871429489,1.63648576854292,14.0776740041561
"156",2015-02-01,8.68585555555556,1.01383257470005,0.964952005906965,1.02889424362367,1.07767291200094,1.04740882620304,0.567067079886279,3980814881616.56,7.17993665253172,5.37548879510047,4.69474297199942,12.7430104181667,1.60423190058865,13.9341265661273
"157",2015-03-01,8.77897,1.01253660100842,0.968106489457708,1.03213834697075,1.06631052595078,1.03310813814865,0.576492585098481,4046981994373.33,7.20340827798784,5.30209511492949,4.68874172136644,13.0746131091242,1.62851961702558,14.296724862279
"158",2015-04-01,8.86574,1.01124062731679,0.968725900402002,1.03538245031783,1.19436616211294,1.15355071137849,0.590144199984632,4142816426708.55,7.2080171407237,5.92022786945009,4.68274047073345,11.9637782174216,1.47557427611518,13.0820578827254
"159",2015-05-01,8.94868947368421,1.01072573182011,0.972081384855197,1.0370391033646,1.19960826601299,1.15676280877062,0.603206720795021,4234515414496.46,7.23298435739874,5.93671292581794,4.68035615001356,12.1463517610482,1.48420581593069,13.2816969617999
"160",2015-06-01,9.04164090909091,1.01021083632343,0.974993846911149,1.03869575641137,1.21840419829586,1.17301355163458,0.611351586712087,4291692430411.28,7.25465516893821,6.02011463486593,4.67797182929368,12.0973839853077,1.46302559429727,13.2281520644452
"161",2015-07-01,9.14249545454545,1.00969594082675,0.976507506768398,1.04035240945814,1.21081049657005,1.16384648659649,0.623825013446713,4379255973651.9,7.26591788648478,5.97306762307509,4.6755875085738,12.4158201402345,1.4849723675644,13.5763531205831
"162",2015-08-01,9.243265,1.00725763681944,0.976404955287554,1.03954255604761,1.20641414605797,1.1605240584328,0.635248315959327,4459447637482.11,7.26515482974043,5.95601632952126,4.66429648194122,12.650080001603,1.49649607004527,13.832509746887
"163",2015-09-01,9.36523636363636,1.00481933281213,0.974263680367545,1.03873270263708,1.20141177158682,1.15661302328957,0.645775170965346,4533346233522.96,7.24922220491846,5.93594420003017,4.65300545530864,12.9002473728157,1.50621513904462,14.1060607916403
"164",2015-10-01,9.48956666666667,1.00238102880482,0.975391746656822,1.03792284922655,1.19364329188143,1.15003084552086,0.656763056117614,4610481264426.92,7.25761582910628,5.90216329045802,4.64171442867606,13.1475942273962,1.51498252608343,14.3765276801038
"165",2015-11-01,9.62722631578947,1.00149994042007,0.97635573057675,1.03542590155918,1.18434317157773,1.14382223758774,0.669595061854878,4700562034783.28,7.26478856250314,5.87029960787034,4.63763438271459,13.4520929181778,1.52790513335147,14.7094885078311
"166",2015-12-01,11.427775,1.00061885203532,0.975539420789236,1.03292895389182,1.17207480316479,1.13470999021637,0.695822554619266,4884679218106.47,7.25871463081814,5.82353393011625,4.63355433675312,14.0906421180894,1.34826982965859,15.4077242526267
"167",2016-01-01,13.65484,0.999737763650575,0.975605053736976,1.03043200622445,1.01956184302205,0.989450868046858,0.724611325973926,5086776595113.56,7.25920298713452,5.07803822292524,4.62947429079164,16.8118785435613,1.34628603520189,18.3833204049162
"168",2016-02-01,14.8145578947368,0.999660445941139,0.974111904175896,1.0271520867824,1.06275505664953,1.0346618288813,0.753374484542684,5288694170183.81,7.24809288093682,5.31006893271245,4.62911625655399,16.7397682685883,1.23557314096152,18.3044698299564
"169",2016-03-01,14.9614904761905,0.999583128231703,0.976445975879892,1.02387216734035,1.02420116725938,1.00032132909705,0.778372563583741,5464180860538.72,7.26546005243817,5.13382736667794,4.62875822231635,17.8448125900847,1.30420194522104,19.5128049824537
"170",2016-04-01,14.4095380952381,0.999505810522267,0.979682500615309,1.0205922478983,1.10122354980216,1.07900442323553,0.829316394744256,5821806912911.59,7.28954212328977,5.53764303093819,4.6284001880787,17.5667047638218,1.33305465464868,19.2087018291947
"171",2016-05-01,14.1377238095238,0.999171423718391,0.982295512347198,1.01785851564605,1.07244351981646,1.05362730019089,0.871065235765694,6114884069959.24,7.30898480913574,5.40740311203959,4.62685174690941,18.8388685138603,1.45707878399543,20.5997774168442
"172",2016-06-01,14.14075,0.998837036914514,0.985179259988514,1.01512478339381,1.05472036866341,1.0390056335116,0.899136849115078,6311946992734.84,7.33044196478679,5.33236211235169,4.62530330574013,19.6553406577739,1.51990290046159,21.4925669397022
"173",2016-07-01,14.909385,0.998502650110638,0.985109524981541,1.01239105114156,1.12357668942467,1.1098247936484,0.918525728043439,6448057058922,7.32992308620063,5.69581866558109,4.62375486457084,18.7929479126477,1.37829726174945,20.5495645198684
"174",2016-08-01,14.8498090909091,0.999545209724202,0.986963655755189,1.00998299072255,1.12766537414617,1.11651917359462,0.911559050277899,6399150932101.78,7.34371915213843,5.73017541672811,4.62858263351496,18.5230802107165,1.36395502385266,20.2544717127984
"175",2016-09-01,15.1007363636364,1.00058776933777,0.988805480351136,1.00757493030354,1.13996003985956,1.13138984067035,0.9238019619394,6485096257910.85,7.35742365126691,5.80649433083447,4.63341040245907,18.5099069083741,1.34033643039759,20.2400670740114
"176",2016-10-01,15.180995,1.00163032895133,0.991430798260727,1.00516686988452,1.14572483709543,1.13983545560654,0.950592935993648,6673169083844.49,7.3769579039222,5.84983873210501,4.63823817140319,18.8751662222777,1.35955963023986,20.6394679488732
"177",2016-11-01,15.3399047619048,1.00108688596755,0.992817294281729,1.00344457992302,1.17562309475676,1.17158746808613,0.969418333632149,6805323507421.2,7.38727443110578,6.01279571989807,4.63572165615951,18.6909877804402,1.33234686105172,20.4380739583561
"178",2016-12-01,15.829585,1.00054344298378,0.995865124292395,1.00172228996151,1.16780280540976,1.16579496843844,0.981456343006429,6889830417735.55,7.40995247754778,5.98306757920191,4.63320514091584,18.9486179787922,1.30892789649842,20.7197853964929
"179",2017-01-01,15.9065,1,1,1,1,1,1,7020007020007.02,7.44071892547987,5.13217824847546,4.63068862567216,22.4023358500908,1.54002009148959,24.4963295852791
"180",2017-02-01,15.5982722222222,1.00176505807798,1.00074247272131,0.998422430349789,0.976000186240603,0.977542327348024,1.02154035294419,7171220448888.66,7.44624345630894,5.0169214693796,4.63886206003753,23.4345601427072,1.64281259498749,25.6250380667101
"181",2017-03-01,15.5236727272727,1.00353011615596,0.999872836163754,0.996844860699578,1.01086125153841,1.01406075447788,1.05104628230413,7378352280127.25,7.43977273511688,5.20434054676398,4.64703549440289,23.3043400770589,1.64153460999028,25.4826460559804
"182",2017-04-01,15.35995,1.00529517423395,1.00111165805234,0.995267291049368,1.12974107609545,1.13511323667063,1.07327818046769,7534420361303.54,7.44899046058859,5.82560346279757,4.65520892876825,21.2704900169132,1.51424241140706,23.2586877270918
"183",2017-05-01,15.6981380952381,1.00319263541818,1.00074657478054,0.99414395591186,1.17399161046079,1.18090705423438,1.09269267218195,7670710229427.54,7.44627397857872,6.06062549721292,4.64547272618904,20.7795357492551,1.44742279545052,22.7218429251778
"184",2017-06-01,16.1166380952381,1.00109009660241,1.00164902781196,0.993020620774351,1.20595053102006,1.21442647392324,1.10939220859053,7787941092246.6,7.45298887792897,6.23265313384161,4.63573652360983,20.4533655551592,1.38770783216089,22.3651849128645
"185",2017-07-01,17.1690428571429,0.998987557786641,1.00250225613258,0.991897285636843,1.17827048324926,1.18789566249569,1.12896037702021,7925309771991.63,7.45933751004194,6.09649228051874,4.62600032103061,21.2162403928457,1.35123241690896,23.1993672758706
"186",2017-08-01,17.4165318181818,1.0003290883957,1.00622282385758,0.991667071811802,1.18068253616322,1.19060375172696,1.14729913172656,8054047958768.4,7.48702120872687,6.11039067716638,4.63221253156295,21.4610741778382,1.34740294094119,23.4670861928139
"187",2017-09-01,17.2464666666667,1.00167061900475,1.01082123225859,0.99143685798676,1.17676926203774,1.1869331390678,1.16548420971749,8181707333924.12,7.5212366731434,6.09155243871846,4.63842474209529,21.7983700958055,1.38207496843514,23.835909873951
"188",2017-10-01,17.452780952381,1.0030121496138,1.01151448026909,0.991206644161719,1.19487532509474,1.20547550012164,1.18336193427759,8307209085837.78,7.52639493673519,6.18671514079436,4.64463695262763,21.8065318439866,1.36624842671573,23.8448345180048
"189",2017-11-01,17.4925,1.00148621967004,1.01457051439823,0.990200629776954,1.20630607125201,1.21824409617245,1.19831980124478,8412213416951.78,7.54913402771674,6.25224585170988,4.63757084619345,21.7517631323335,1.35972253588583,23.7849464589829
"190",2017-12-01,17.7000526315789,0.99996028972627,1.01690458610222,0.989194615392189,1.18286316935502,1.19578407620633,1.23786594267859,8689827607431.28,7.56650119921809,6.13697702577943,4.63050473975928,22.8042976075164,1.40880166165341,24.9358635587212
"191",2018-01-01,19.0290363636364,0.998434359782504,1.02093691032899,0.988188601007424,1.03240512349854,1.04474502382039,1.25786952846861,8830252920102.57,7.59650459040582,5.36181768645399,4.62343863332511,26.3778383253676,1.51575887175195,28.8434306890723
"192",2018-02-01,19.8409277777778,0.999071069126091,1.02292640905735,0.985062641163896,1.03204956732286,1.04769942965601,1.29047460492278,9059140785698.68,7.61130789124616,5.37698022382071,4.62638703604032,26.9499553983649,1.48526445363541,29.4690247554807
"193",2018-03-01,20.2378,0.999707778469679,1.0234555746985,0.981936681320367,1.03154897490854,1.05052494171157,1.3179827369823,9252248065863.82,7.61524526404699,5.39148125533309,4.62933543875553,27.4536904815386,1.48335515830677,30.0198450227807
"194",2018-04-01,20.2348684210526,1.00034448781327,1.02533431782755,0.978810721476839,1.11037405112603,1.13441141046216,1.35798990856235,9533098691206.42,7.62922446360344,5.82200156559626,4.63228384147074,26.1639523911515,1.41387390264605,28.6095523840029
"195",2018-05-01,23.6687476190476,0.999895565584966,1.02816473869883,0.974081789747059,1.09697819150373,1.12616640927923,1.38957047358041,9754794479328.97,7.65028482974742,5.77968674986657,4.63020502241433,26.8821034923453,1.24192589575695,29.394830588231
"196",2018-06-01,26.534185,0.999446643356665,1.03016654360489,0.969352858017278,1.06678708135376,1.10051471198607,1.44038624081141,10111521522017.6,7.66517969739708,5.64803766698214,4.62812620335793,28.4464835167773,1.17227781911412,31.1054365237705
"197",2018-07-01,27.6247333333333,0.998997721128363,1.03206579703011,0.964623926287498,1.08972902732506,1.12969313493917,1.47913838588223,10383561852455.1,7.6793115083024,5.79778653458688,4.62604738430152,28.3921796219073,1.1238500062362,31.04605672894
"198",2018-08-01,30.1245090909091,0.995759074955745,1.03322257773402,0.95834734960155,1.09376380625278,1.14130206204205,1.53315575135107,10762764137248.7,7.68791878837864,5.8573656177524,4.6110502223074,29.0027623353177,1.05275447991067,31.7137119005642
"199",2018-09-01,38.590005,0.992520428783126,1.03375994749364,0.952070772915601,1.03256905585735,1.08455073428547,1.62533616781497,11409871307932.4,7.69191720571902,5.56610768786798,4.59605306031328,32.2334197372314,0.913354265849329,35.2463456858969
"200",2018-10-01,37.1202181818182,0.989281782610508,1.03697596193289,0.945794196229653,1.04528450666483,1.10519234610636,1.71095971108778,12010949182785.4,7.71584666522175,5.67204411906864,4.58105589831916,33.0861733502008,0.974638882947503,36.1788079834948
"201",2018-11-01,36.4590368421053,0.983900465795651,1.03683649191894,0.941945620508603,0.996751462244929,1.05818365789177,1.75872755679635,12346279794990.2,7.71480890804943,5.43078715192435,4.55613669575346,35.332284127436,1.05967877470708,38.6348674878424
"202",2018-12-01,37.8851833333333,0.978519148980793,1.0366847157273,0.938097044787553,0.971095214643876,1.03517564631471,1.8006044617473,12640255961722,7.7136795840678,5.31270593536789,4.53121749318777,36.780718847493,1.06159418874134,40.2186904660669
"203",2019-01-01,37.4068909090909,0.973137832165936,1.03647961276561,0.934248469066502,0.919759329656239,0.984491128548767,1.86934917911021,13122844360198,7.71215347057911,5.05258395575504,4.50629829062207,39.9379272050036,1.16745895496984,43.6710097693981
"204",2019-02-01,38.40855,0.970699522635968,1.03828451882845,0.934248469066502,0.946982551108154,1.01363029479125,1.93233101964501,13564977322885.3,7.72558326927962,5.20213135092342,4.49500723841578,39.9267246635759,1.13669378569924,43.6587601027187
"205",2019-03-01,41.3623736842105,0.968261213106001,1.04253015013537,0.934248469066502,0.900307306963834,0.963670090745151,2.00934866685449,14105641746960.3,7.7571738184956,4.94572667842863,4.48371618620949,43.383455250583,1.14690222989389,47.4385986121256
"206",2019-04-01,43.2337684210526,0.965822903576033,1.04585281811469,0.934248469066502,1.03598098101584,1.10889235071585,2.08365135875829,14627247165730.4,7.78189685701245,5.69103320224469,4.4724251340032,38.8737017918163,0.983196943208015,42.5073089549422
"207",2019-05-01,44.9332136363636,0.96482530644861,1.04666092378374,0.934248469066502,1.04326847767174,1.11669273455076,2.14906641395385,15086461312417.3,7.78790974415791,5.731066162492,4.46780557233224,39.7422202482487,0.967146708467588,43.45700966928
"208",2019-06-01,43.78935,0.963827709321186,1.0472762326688,0.934248469066502,1.02950608565815,1.1019617582963,2.20846246446226,15503422003947.1,7.79248808462399,5.65546416658006,4.46318601066127,41.3194909977265,1.03179680112201,45.181711253212
"209",2019-07-01,42.5434095238095,0.962830112193763,1.05078759537288,0.934248469066502,1.05143819421525,1.12543742808147,2.25722920882104,15845764891688.6,7.81861514755045,5.77594548841987,4.45856644899031,41.1701394512748,1.05817563767407,45.018399501686
"210",2019-08-01,52.7270571428571,0.962830112193763,1.05135778160637,0.934248469066502,1.04555522375542,1.11914041967886,2.33383705145609,16383552484774.2,7.82285774304902,5.74362811886555,4.45856644899031,42.7837042584207,0.88726339304131,46.7827876256545
"211",2019-09-01,56.501419047619,0.962830112193763,1.05159570104192,0.934248469066502,NA,NA,2.45116922367646,17207225157433.9,7.82462803469591,NA,4.45856644899031,NA,NA,NA
"212",2019-10-01,58.5308363636364,NA,NA,0.934248469066502,NA,NA,2.51894065517506,17682981082310,NA,NA,NA,NA,NA,NA
"213",2019-11-01,59.66872,NA,NA,NA,NA,NA,NA,NA,NA,NA,NA,NA,NA,NA
